<?xml version="1.0" encoding="UTF-8"?>
<project-private xmlns="http://www.netbeans.org/ns/project-private/1">
    <editor-bookmarks xmlns="http://www.netbeans.org/ns/editor-bookmarks/2" lastBookmarkId="0"/>
    <open-files xmlns="http://www.netbeans.org/ns/projectui-open-files/2">
        <group>
            <file>file:/C:/Users/Syed%20Shehroz%20Sohail/Documents/NetBeansProjects/OOAD_Project/src/package1/AddProductDAO.java</file>
            <file>file:/C:/Users/Syed%20Shehroz%20Sohail/Documents/NetBeansProjects/OOAD_Project/src/package1/ViewProductGUI.java</file>
            <file>file:/C:/Users/Syed%20Shehroz%20Sohail/Documents/NetBeansProjects/OOAD_Project/src/package1/DeleteProductGUI.java</file>
            <file>file:/C:/Users/Syed%20Shehroz%20Sohail/Documents/NetBeansProjects/OOAD_Project/src/package1/AddStockGUI.java</file>
            <file>file:/C:/Users/Syed%20Shehroz%20Sohail/Documents/NetBeansProjects/OOAD_Project/src/package1/UpdateProductDAO.java</file>
            <file>file:/C:/Users/Syed%20Shehroz%20Sohail/Documents/NetBeansProjects/OOAD_Project/src/package1/SaleProductGUI.java</file>
            <file>file:/C:/Users/Syed%20Shehroz%20Sohail/Documents/NetBeansProjects/OOAD_Project/src/package1/SalesRecordDAO.java</file>
            <file>file:/C:/Users/Syed%20Shehroz%20Sohail/Documents/NetBeansProjects/OOAD_Project/src/package1/DeleteProductDAO.java</file>
            <file>file:/C:/Users/Syed%20Shehroz%20Sohail/Documents/NetBeansProjects/OOAD_Project/src/package1/Driver.java</file>
            <file>file:/C:/Users/Syed%20Shehroz%20Sohail/Documents/NetBeansProjects/OOAD_Project/src/package1/UpdateProductGUI.java</file>
            <file>file:/C:/Users/Syed%20Shehroz%20Sohail/Documents/NetBeansProjects/OOAD_Project/src/package1/SaleProductDAO.java</file>
            <file>file:/C:/Users/Syed%20Shehroz%20Sohail/Documents/NetBeansProjects/OOAD_Project/src/package1/AddProductGUI.java</file>
        </group>
    </open-files>
</project-private>
